id,status,created_by,created_on,modified_by,modified_on,order_num,territorycode,territorylevel,territoryname,territory_pinyin,territorysort,x_wgs84,y_wgs84,territoryparentid
1,0,arrym,2016-04-03 0:00,arrym,2016-04-03 0:00,1,100,1,全国,qg,0,106.258754,38.471318,0
10,0,arrym,2016-04-03 0:00,arrym,2016-04-03 0:00,1,16,2,河南省,HNS,0,113.687228,34.76819,1
100,0,arrym,2016-04-03 0:00,arrym,2016-04-03 0:00,1,371300,3,临沂市,LYS,0,118.356448,35.104672,18
1000,0,arrym,2016-04-03 0:00,arrym,2016-04-03 0:00,1,370903,4,岱岳区,DYQ,0,117.041582,36.18799,96
1001,0,arrym,2016-04-03 0:00,arrym,2016-04-03 0:00,1,370921,4,宁阳县,NYX,0,116.805797,35.758787,96
1002,0,arrym,2016-04-03 0:00,arrym,2016-04-03 0:00,1,370923,4,东平县,DPX,0,116.470304,35.937102,96
1003,0,arrym,2016-04-03 0:00,arrym,2016-04-03 0:00,1,370982,4,新泰市,XTS,0,117.767953,35.909032,96
1004,0,arrym,2016-04-03 0:00,arrym,2016-04-03 0:00,1,370983,4,肥城市,FCS,0,116.768358,36.182571,96
1005,0,arrym,2016-04-03 0:00,arrym,2016-04-03 0:00,1,371002,4,环翠区,HCQ,0,122.123444,37.501991,97
1006,0,arrym,2016-04-03 0:00,arrym,2016-04-03 0:00,1,371081,4,文登市,WDS,0,122.058128,37.1939129,97
1007,0,arrym,2016-04-03 0:00,arrym,2016-04-03 0:00,1,371082,4,荣成市,RCS,0,122.486676,37.165249,97
1008,0,arrym,2016-04-03 0:00,arrym,2016-04-03 0:00,1,371083,4,乳山市,RSS,0,121.539764,36.919816,97
1009,0,arrym,2016-04-03 0:00,arrym,2016-04-03 0:00,1,371102,4,东港区,DGQ,0,119.462228,35.425475,98
101,0,arrym,2016-04-03 0:00,arrym,2016-04-03 0:00,1,371400,3,德州市,DZS,0,116.357465,37.434093,18
1010,0,arrym,2016-04-03 0:00,arrym,2016-04-03 0:00,1,371103,4,岚山区,LSQ,0,119.318813,35.121816,98
1011,0,arrym,2016-04-03 0:00,arrym,2016-04-03 0:00,1,371121,4,五莲县,WLX,0,119.208744,35.750095,98
1012,0,arrym,2016-04-03 0:00,arrym,2016-04-03 0:00,1,371122,4,莒县,JX,0,118.837131,35.579868,98
1013,0,arrym,2016-04-03 0:00,arrym,2016-04-03 0:00,1,371202,4,莱城区,LCQ,0,117.659864,36.203208,99
1014,0,arrym,2016-04-03 0:00,arrym,2016-04-03 0:00,1,371203,4,钢城区,GCQ,0,117.811355,36.058572,99
1015,0,arrym,2016-04-03 0:00,arrym,2016-04-03 0:00,1,371302,4,兰山区,LSQ,0,118.347707,35.051729,100
1016,0,arrym,2016-04-03 0:00,arrym,2016-04-03 0:00,1,371311,4,罗庄区,LZQ,0,118.284786,34.996741,100
1017,0,arrym,2016-04-03 0:00,arrym,2016-04-03 0:00,1,371312,4,河东区,HDQ,0,118.402893,35.089917,100
1018,0,arrym,2016-04-03 0:00,arrym,2016-04-03 0:00,1,371321,4,沂南县,YNX,0,118.465213,35.549976,100
1019,0,arrym,2016-04-03 0:00,arrym,2016-04-03 0:00,1,371322,4,郯城县,TCX,0,118.367263,34.613557,100
102,0,arrym,2016-04-03 0:00,arrym,2016-04-03 0:00,1,371500,3,聊城市,LCS,0,115.985371,36.4567039,18
1020,0,arrym,2016-04-03 0:00,arrym,2016-04-03 0:00,1,371323,4,沂水县,YSX,0,118.627918,35.79045,100
1021,0,arrym,2016-04-03 0:00,arrym,2016-04-03 0:00,1,371324,4,苍山县,CSX,0,118.07065,34.857149,100
1022,0,arrym,2016-04-03 0:00,arrym,2016-04-03 0:00,1,371325,4,费县,FX,0,117.977868,35.26634,100
1023,0,arrym,2016-04-03 0:00,arrym,2016-04-03 0:00,1,371326,4,平邑县,PYX,0,117.640352,35.5059429,100
1024,0,arrym,2016-04-03 0:00,arrym,2016-04-03 0:00,1,371327,4,莒南县,JNX,0,118.835163,35.174846,100
1025,0,arrym,2016-04-03 0:00,arrym,2016-04-03 0:00,1,371328,4,蒙阴县,MYX,0,117.945085,35.710032,100
1026,0,arrym,2016-04-03 0:00,arrym,2016-04-03 0:00,1,371329,4,临沭县,LSX,0,118.650782,34.919852,100
1027,0,arrym,2016-04-03 0:00,arrym,2016-04-03 0:00,1,371402,4,德城区,DCQ,0,116.299434,37.451272,101
1028,0,arrym,2016-04-03 0:00,arrym,2016-04-03 0:00,1,371421,4,陵县,LX,0,116.576176,37.33579,101
1029,0,arrym,2016-04-03 0:00,arrym,2016-04-03 0:00,1,371422,4,宁津县,NJX,0,116.800324,37.652329,101
103,0,arrym,2016-04-03 0:00,arrym,2016-04-03 0:00,1,371600,3,滨州市,BZS,0,117.970703,37.38199,18
1030,0,arrym,2016-04-03 0:00,arrym,2016-04-03 0:00,1,371423,4,庆云县,QYX,0,117.385123,37.77539,101
1031,0,arrym,2016-04-03 0:00,arrym,2016-04-03 0:00,1,371424,4,临邑县,LYX,0,116.86665,37.189864,101
1032,0,arrym,2016-04-03 0:00,arrym,2016-04-03 0:00,1,371425,4,齐河县,QHX,0,116.758917,36.795011,101
1033,0,arrym,2016-04-03 0:00,arrym,2016-04-03 0:00,1,371426,4,平原县,PYX,0,116.434187,37.165419,101
1034,0,arrym,2016-04-03 0:00,arrym,2016-04-03 0:00,1,371427,4,夏津县,XJX,0,116.001726,36.948371,101
1035,0,arrym,2016-04-03 0:00,arrym,2016-04-03 0:00,1,371428,4,武城县,WCX,0,116.069302,37.213311,101
1036,0,arrym,2016-04-03 0:00,arrym,2016-04-03 0:00,1,371481,4,乐陵市,LLS,0,117.231935,37.729907,101
1037,0,arrym,2016-04-03 0:00,arrym,2016-04-03 0:00,1,371482,4,禹城市,YCS,0,116.638387,36.934259,101
1038,0,arrym,2016-04-03 0:00,arrym,2016-04-03 0:00,1,371502,4,东昌府区,DCFQ,0,115.988484,36.434697,102
1039,0,arrym,2016-04-03 0:00,arrym,2016-04-03 0:00,1,371521,4,阳谷县,YGX,0,115.79182,36.114392,102
104,0,arrym,2016-04-03 0:00,arrym,2016-04-03 0:00,1,371700,3,菏泽市,HZS,0,115.480656,35.23375,18
1040,0,arrym,2016-04-03 0:00,arrym,2016-04-03 0:00,1,371522,4,莘县,SX,0,115.671191,36.233599,102
1041,0,arrym,2016-04-03 0:00,arrym,2016-04-03 0:00,1,371523,4,茌平县,CPX,0,116.255282,36.5807639,102
1042,0,arrym,2016-04-03 0:00,arrym,2016-04-03 0:00,1,371524,4,东阿县,DAX,0,116.24758,36.334917,102
1043,0,arrym,2016-04-03 0:00,arrym,2016-04-03 0:00,1,371525,4,冠县,GX,0,115.44274,36.484009,102
1044,0,arrym,2016-04-03 0:00,arrym,2016-04-03 0:00,1,371526,4,高唐县,GTX,0,116.231478,36.866062,102
1045,0,arrym,2016-04-03 0:00,arrym,2016-04-03 0:00,1,371581,4,临清市,LQS,0,115.704881,36.838277,102
1046,0,arrym,2016-04-03 0:00,arrym,2016-04-03 0:00,1,371602,4,滨城区,BCQ,0,118.019146,37.43206,103
1047,0,arrym,2016-04-03 0:00,arrym,2016-04-03 0:00,1,371621,4,惠民县,HMX,0,117.510451,37.489769,103
1048,0,arrym,2016-04-03 0:00,arrym,2016-04-03 0:00,1,371622,4,阳信县,YXX,0,117.578262,37.641106,103
1049,0,arrym,2016-04-03 0:00,arrym,2016-04-03 0:00,1,371623,4,无棣县,WDX,0,117.625696,37.770261,103
1050,0,arrym,2016-04-03 0:00,arrym,2016-04-03 0:00,1,371624,4,沾化县,ZHX,0,118.132199,37.698281,103
1051,0,arrym,2016-04-03 0:00,arrym,2016-04-03 0:00,1,371625,4,博兴县,BXX,0,118.131815,37.150226,103
1052,0,arrym,2016-04-03 0:00,arrym,2016-04-03 0:00,1,371626,4,邹平县,ZPX,0,117.743109,36.862989,103
1053,0,arrym,2016-04-03 0:00,arrym,2016-04-03 0:00,1,371702,4,牡丹区,MDQ,0,115.417827,35.252512,104
1054,0,arrym,2016-04-03 0:00,arrym,2016-04-03 0:00,1,371721,4,曹县,CX,0,115.542328,34.825508,104
1055,0,arrym,2016-04-03 0:00,arrym,2016-04-03 0:00,1,371722,4,单县,DX,0,116.107428,34.778808,104
1056,0,arrym,2016-04-03 0:00,arrym,2016-04-03 0:00,1,371723,4,成武县,CWX,0,115.889765,34.952459,104
1057,0,arrym,2016-04-03 0:00,arrym,2016-04-03 0:00,1,371724,4,巨野县,JYX,0,116.094674,35.396261,104
1058,0,arrym,2016-04-03 0:00,arrym,2016-04-03 0:00,1,371725,4,郓城县,YCX,0,115.943613,35.599758,104
1059,0,arrym,2016-04-03 0:00,arrym,2016-04-03 0:00,1,371726,4,鄄城县,JCX,0,115.510193,35.563408,104
1060,0,arrym,2016-04-03 0:00,arrym,2016-04-03 0:00,1,371727,4,定陶县,DTX,0,115.573094,35.071,104
1061,0,arrym,2016-04-03 0:00,arrym,2016-04-03 0:00,1,371728,4,东明县,DMX,0,115.089905,35.289368,104
11,0,arrym,2016-04-03 0:00,arrym,2016-04-03 0:00,1,8,2,黑龙江省,HLJS,0,126.662507,45.7421699,1
12,0,arrym,2016-04-03 0:00,arrym,2016-04-03 0:00,1,20000000,2,上海市,SHS,0,121.473704,31.230393,1
13,0,arrym,2016-04-03 0:00,arrym,2016-04-03 0:00,1,10,2,江苏省,JSS,0,118.763232,32.061707,1
14,0,arrym,2016-04-03 0:00,arrym,2016-04-03 0:00,1,11,2,浙江省,ZJS,0,120.153676,30.26586,1
15,0,arrym,2016-04-03 0:00,arrym,2016-04-03 0:00,1,12,2,安徽省,AHS,0,117.284923,31.861184,1
16,0,arrym,2016-04-03 0:00,arrym,2016-04-03 0:00,1,13,2,福建省,FJS,0,119.296506,26.099933,1
17,0,arrym,2016-04-03 0:00,arrym,2016-04-03 0:00,1,14,2,江西省,JXS,0,115.909175,28.674424,1
1739,0,arrym,2016-04-03 0:00,arrym,2016-04-03 0:00,1,360102,4,东湖区,DHQ,0,115.89901,28.6849159,184
1740,0,arrym,2016-04-03 0:00,arrym,2016-04-03 0:00,1,360103,4,西湖区,XHQ,0,115.877287,28.656887,184
1741,0,arrym,2016-04-03 0:00,arrym,2016-04-03 0:00,1,360104,4,青云谱区,QYPQ,0,115.925749,28.621169,184
1742,0,arrym,2016-04-03 0:00,arrym,2016-04-03 0:00,1,360105,4,湾里区,WLQ,0,115.730994,28.714869,184
1743,0,arrym,2016-04-03 0:00,arrym,2016-04-03 0:00,1,360111,4,青山湖区,QSHQ,0,115.962144,28.682985,184
1744,0,arrym,2016-04-03 0:00,arrym,2016-04-03 0:00,1,360121,4,南昌县,NCX,0,115.944162,28.545459,184
1745,0,arrym,2016-04-03 0:00,arrym,2016-04-03 0:00,1,360122,4,新建县,XJX,0,115.815233,28.692437,184
1746,0,arrym,2016-04-03 0:00,arrym,2016-04-03 0:00,1,360123,4,安义县,AYX,0,115.549199,28.844429,184
1747,0,arrym,2016-04-03 0:00,arrym,2016-04-03 0:00,1,360124,4,进贤县,JXX,0,116.240924,28.376918,184
1748,0,arrym,2016-04-03 0:00,arrym,2016-04-03 0:00,1,360202,4,昌江区,CJQ,0,117.183688,29.27342,185
1749,0,arrym,2016-04-03 0:00,arrym,2016-04-03 0:00,1,360203,4,珠山区,ZSQ,0,117.202336,29.301272,185
1750,0,arrym,2016-04-03 0:00,arrym,2016-04-03 0:00,1,360222,4,浮梁县,FLX,0,117.215061,29.351739,185
1751,0,arrym,2016-04-03 0:00,arrym,2016-04-03 0:00,1,360281,4,乐平市,LPS,0,117.129169,28.961902,185
1752,0,arrym,2016-04-03 0:00,arrym,2016-04-03 0:00,1,360302,4,安源区,AYQ,0,113.87073,27.615202,186
1753,0,arrym,2016-04-03 0:00,arrym,2016-04-03 0:00,1,360313,4,湘东区,XDQ,0,113.733059,27.640075,186
1754,0,arrym,2016-04-03 0:00,arrym,2016-04-03 0:00,1,360321,4,莲花县,LHX,0,113.961465,27.127669,186
1755,0,arrym,2016-04-03 0:00,arrym,2016-04-03 0:00,1,360322,4,上栗县,SLX,0,113.795219,27.880567,186
1756,0,arrym,2016-04-03 0:00,arrym,2016-04-03 0:00,1,360323,4,芦溪县,LXX,0,114.029595,27.631145,186
1757,0,arrym,2016-04-03 0:00,arrym,2016-04-03 0:00,1,360402,4,庐山区,LSQ,0,115.989212,29.671775,187
1758,0,arrym,2016-04-03 0:00,arrym,2016-04-03 0:00,1,360403,4,浔阳区,XYQ,0,115.990399,29.72746,187
1759,0,arrym,2016-04-03 0:00,arrym,2016-04-03 0:00,1,360421,4,九江县,JJX,0,115.911314,29.608456,187
1760,0,arrym,2016-04-03 0:00,arrym,2016-04-03 0:00,1,360423,4,武宁县,WNX,0,115.100579,29.256323,187
1761,0,arrym,2016-04-03 0:00,arrym,2016-04-03 0:00,1,360424,4,修水县,XSX,0,114.547356,29.025707,187
1762,0,arrym,2016-04-03 0:00,arrym,2016-04-03 0:00,1,360425,4,永修县,YXX,0,115.809111,29.021824,187
1763,0,arrym,2016-04-03 0:00,arrym,2016-04-03 0:00,1,360426,4,德安县,DAX,0,115.756883,29.314348,187
1764,0,arrym,2016-04-03 0:00,arrym,2016-04-03 0:00,1,360427,4,星子县,XZX,0,116.044893,29.448037,187
1765,0,arrym,2016-04-03 0:00,arrym,2016-04-03 0:00,1,360428,4,都昌县,DCX,0,116.204099,29.273194,187
1766,0,arrym,2016-04-03 0:00,arrym,2016-04-03 0:00,1,360429,4,湖口县,HKX,0,116.220266,29.73944,187
1767,0,arrym,2016-04-03 0:00,arrym,2016-04-03 0:00,1,360430,4,彭泽县,PZX,0,116.549359,29.896061,187
1768,0,arrym,2016-04-03 0:00,arrym,2016-04-03 0:00,1,360481,4,瑞昌市,RCS,0,115.681504,29.673795,187
1769,0,arrym,2016-04-03 0:00,arrym,2016-04-03 0:00,1,360499,4,共青城,GQC,0,115.774,29.2417,187
1770,0,arrym,2016-04-03 0:00,arrym,2016-04-03 0:00,1,360502,4,渝水区,YSQ,0,114.944574,27.80038,188
1771,0,arrym,2016-04-03 0:00,arrym,2016-04-03 0:00,1,360521,4,分宜县,FYX,0,114.692039,27.814628,188
1772,0,arrym,2016-04-03 0:00,arrym,2016-04-03 0:00,1,360602,4,月湖区,YHQ,0,117.036676,28.238797,189
1773,0,arrym,2016-04-03 0:00,arrym,2016-04-03 0:00,1,360622,4,余江县,YJX,0,116.818871,28.204174,189
1774,0,arrym,2016-04-03 0:00,arrym,2016-04-03 0:00,1,360681,4,贵溪市,GXS,0,117.245497,28.292519,189
1775,0,arrym,2016-04-03 0:00,arrym,2016-04-03 0:00,1,360702,4,章贡区,ZGQ,0,114.941826,25.862827,190
1776,0,arrym,2016-04-03 0:00,arrym,2016-04-03 0:00,1,360721,4,赣县,GX,0,115.011561,25.860691,190
1777,0,arrym,2016-04-03 0:00,arrym,2016-04-03 0:00,1,360722,4,信丰县,XFX,0,114.922963,25.386278,190
1778,0,arrym,2016-04-03 0:00,arrym,2016-04-03 0:00,1,360723,4,大余县,DYX,0,114.362094,25.401283,190
1779,0,arrym,2016-04-03 0:00,arrym,2016-04-03 0:00,1,360724,4,上犹县,SYX,0,114.551371,25.784978,190
1780,0,arrym,2016-04-03 0:00,arrym,2016-04-03 0:00,1,360725,4,崇义县,CYX,0,114.308273,25.681879,190
1781,0,arrym,2016-04-03 0:00,arrym,2016-04-03 0:00,1,360726,4,安远县,AYX,0,115.393922,25.136925,190
1782,0,arrym,2016-04-03 0:00,arrym,2016-04-03 0:00,1,360727,4,龙南县,LNX,0,114.789811,24.911107,190
1783,0,arrym,2016-04-03 0:00,arrym,2016-04-03 0:00,1,360728,4,定南县,DNX,0,115.027845,24.78441,190
1784,0,arrym,2016-04-03 0:00,arrym,2016-04-03 0:00,1,360729,4,全南县,QNX,0,114.530125,24.742401,190
1785,0,arrym,2016-04-03 0:00,arrym,2016-04-03 0:00,1,360730,4,宁都县,NDX,0,116.009472,26.470116,190
1786,0,arrym,2016-04-03 0:00,arrym,2016-04-03 0:00,1,360731,4,于都县,YDX,0,115.41551,25.952066,190
1787,0,arrym,2016-04-03 0:00,arrym,2016-04-03 0:00,1,360732,4,兴国县,XGX,0,115.36319,26.337937,190
1788,0,arrym,2016-04-03 0:00,arrym,2016-04-03 0:00,1,360733,4,会昌县,HCX,0,115.786057,25.600272,190
1789,0,arrym,2016-04-03 0:00,arrym,2016-04-03 0:00,1,360734,4,寻乌县,YWX,0,115.646525,24.963322,190
1790,0,arrym,2016-04-03 0:00,arrym,2016-04-03 0:00,1,360735,4,石城县,SCX,0,116.354201,26.32686,190
1791,0,arrym,2016-04-03 0:00,arrym,2016-04-03 0:00,1,360781,4,瑞金市,RJS,0,116.02713,25.885561,190
1792,0,arrym,2016-04-03 0:00,arrym,2016-04-03 0:00,1,360782,4,南康市,NKS,0,114.765238,25.661356,190
1793,0,arrym,2016-04-03 0:00,arrym,2016-04-03 0:00,1,360802,4,吉州区,JZQ,0,114.994307,27.129975,191
1794,0,arrym,2016-04-03 0:00,arrym,2016-04-03 0:00,1,360803,4,青原区,QYQ,0,115.01424,27.081719,191
1795,0,arrym,2016-04-03 0:00,arrym,2016-04-03 0:00,1,360821,4,吉安县,JAX,0,114.907659,27.040142,191
1796,0,arrym,2016-04-03 0:00,arrym,2016-04-03 0:00,1,360822,4,吉水县,JSX,0,115.135507,27.229632,191
1797,0,arrym,2016-04-03 0:00,arrym,2016-04-03 0:00,1,360823,4,峡江县,XJX,0,115.316566,27.582901,191
1798,0,arrym,2016-04-03 0:00,arrym,2016-04-03 0:00,1,360824,4,新干县,XGX,0,115.393043,27.740809,191
1799,0,arrym,2016-04-03 0:00,arrym,2016-04-03 0:00,1,360825,4,永丰县,YFX,0,115.441477,27.317869,191
18,0,arrym,2016-04-03 0:00,arrym,2016-04-03 0:00,1,15,2,山东省,SDS,0,117.020411,36.668627,1
1800,0,arrym,2016-04-03 0:00,arrym,2016-04-03 0:00,1,360826,4,泰和县,THX,0,114.908861,26.790231,191
1801,0,arrym,2016-04-03 0:00,arrym,2016-04-03 0:00,1,360827,4,遂川县,SCX,0,114.52098,26.311894,191
1802,0,arrym,2016-04-03 0:00,arrym,2016-04-03 0:00,1,360828,4,万安县,WAX,0,114.786256,26.458257,191
1803,0,arrym,2016-04-03 0:00,arrym,2016-04-03 0:00,1,360829,4,安福县,AFX,0,114.619893,27.392874,191
1804,0,arrym,2016-04-03 0:00,arrym,2016-04-03 0:00,1,360830,4,永新县,YXX,0,114.242675,26.945233,191
1805,0,arrym,2016-04-03 0:00,arrym,2016-04-03 0:00,1,360881,4,井冈山市,JGSS,0,114.289182,26.748186,191
1806,0,arrym,2016-04-03 0:00,arrym,2016-04-03 0:00,1,360902,4,袁州区,YZQ,0,114.424657,27.798846,192
1807,0,arrym,2016-04-03 0:00,arrym,2016-04-03 0:00,1,360921,4,奉新县,FXX,0,115.384904,28.700806,192
1808,0,arrym,2016-04-03 0:00,arrym,2016-04-03 0:00,1,360922,4,万载县,WZX,0,114.447551,28.10455,192
1809,0,arrym,2016-04-03 0:00,arrym,2016-04-03 0:00,1,360923,4,上高县,SGX,0,114.924494,28.232827,192
1810,0,arrym,2016-04-03 0:00,arrym,2016-04-03 0:00,1,360924,4,宜丰县,YFX,0,114.803542,28.393613,192
1811,0,arrym,2016-04-03 0:00,arrym,2016-04-03 0:00,1,360925,4,靖安县,JAX,0,115.362629,28.861475,192
1812,0,arrym,2016-04-03 0:00,arrym,2016-04-03 0:00,1,360926,4,铜鼓县,TGX,0,114.37098,28.520747,192
1813,0,arrym,2016-04-03 0:00,arrym,2016-04-03 0:00,1,360981,4,丰城市,FCS,0,115.771195,28.159325,192
1814,0,arrym,2016-04-03 0:00,arrym,2016-04-03 0:00,1,360982,4,樟树市,ZSS,0,115.546063,28.055796,192
1815,0,arrym,2016-04-03 0:00,arrym,2016-04-03 0:00,1,360983,4,高安市,GAS,0,115.375618,28.417261,192
1816,0,arrym,2016-04-03 0:00,arrym,2016-04-03 0:00,1,361002,4,临川区,LCQ,0,116.31136,27.934529,193
1817,0,arrym,2016-04-03 0:00,arrym,2016-04-03 0:00,1,361021,4,南城县,NCX,0,116.644658,27.552748,193
1818,0,arrym,2016-04-03 0:00,arrym,2016-04-03 0:00,1,361022,4,黎川县,LCX,0,116.907508,27.282382,193
1819,0,arrym,2016-04-03 0:00,arrym,2016-04-03 0:00,1,361023,4,南丰县,NFX,0,116.525725,27.218445,193
1820,0,arrym,2016-04-03 0:00,arrym,2016-04-03 0:00,1,361024,4,崇仁县,CRX,0,116.061164,27.764681,193
1821,0,arrym,2016-04-03 0:00,arrym,2016-04-03 0:00,1,361025,4,乐安县,LAX,0,115.837895,27.420441,193
1822,0,arrym,2016-04-03 0:00,arrym,2016-04-03 0:00,1,361026,4,宜黄县,YHX,0,116.222128,27.546146,193
1823,0,arrym,2016-04-03 0:00,arrym,2016-04-03 0:00,1,361027,4,金溪县,JXX,0,116.775435,27.908337,193
1824,0,arrym,2016-04-03 0:00,arrym,2016-04-03 0:00,1,361028,4,资溪县,ZXX,0,117.060264,27.706102,193
1825,0,arrym,2016-04-03 0:00,arrym,2016-04-03 0:00,1,361029,4,东乡县,DXX,0,116.590465,28.236118,193
1826,0,arrym,2016-04-03 0:00,arrym,2016-04-03 0:00,1,361030,4,广昌县,GCX,0,116.325757,26.837267,193
1827,0,arrym,2016-04-03 0:00,arrym,2016-04-03 0:00,1,361102,4,信州区,XZQ,0,117.966823,28.43121,194
1828,0,arrym,2016-04-03 0:00,arrym,2016-04-03 0:00,1,361121,4,上饶县,SRX,0,117.90785,28.448983,194
1829,0,arrym,2016-04-03 0:00,arrym,2016-04-03 0:00,1,361122,4,广丰县,GFX,0,118.19124,28.436286,194
1830,0,arrym,2016-04-03 0:00,arrym,2016-04-03 0:00,1,361123,4,玉山县,YSX,0,118.245124,28.682055,194
1831,0,arrym,2016-04-03 0:00,arrym,2016-04-03 0:00,1,361124,4,铅山县,QSX,0,117.709451,28.315217,194
1832,0,arrym,2016-04-03 0:00,arrym,2016-04-03 0:00,1,361125,4,横峰县,HFX,0,117.596452,28.407118,194
1833,0,arrym,2016-04-03 0:00,arrym,2016-04-03 0:00,1,361126,4,弋阳县,YYX,0,117.449588,28.378044,194
1834,0,arrym,2016-04-03 0:00,arrym,2016-04-03 0:00,1,361127,4,余干县,YGX,0,116.695647,28.702302,194
1835,0,arrym,2016-04-03 0:00,arrym,2016-04-03 0:00,1,361128,4,鄱阳县,PYX,0,116.699746,29.011699,194
1836,0,arrym,2016-04-03 0:00,arrym,2016-04-03 0:00,1,361129,4,万年县,WNX,0,117.058445,28.694582,194
1837,0,arrym,2016-04-03 0:00,arrym,2016-04-03 0:00,1,361130,4,婺源县,WYX,0,117.861911,29.2480249,194
1838,0,arrym,2016-04-03 0:00,arrym,2016-04-03 0:00,1,361181,4,德兴市,DXS,0,117.578713,28.946464,194
1839,0,arrym,2016-04-03 0:00,arrym,2016-04-03 0:00,1,370102,4,历下区,LXQ,0,117.07653,36.666344,195
184,0,arrym,2016-04-03 0:00,arrym,2016-04-03 0:00,1,360100,3,南昌市,NCS,0,115.858089,28.68316,17
1840,0,arrym,2016-04-03 0:00,arrym,2016-04-03 0:00,1,370103,4,市中区,SZQ,0,116.997475,36.6511749,195
1841,0,arrym,2016-04-03 0:00,arrym,2016-04-03 0:00,1,370104,4,槐荫区,HYQ,0,116.90113,36.651301,195
1842,0,arrym,2016-04-03 0:00,arrym,2016-04-03 0:00,1,370105,4,天桥区,TQQ,0,116.987492,36.678016,195
1843,0,arrym,2016-04-03 0:00,arrym,2016-04-03 0:00,1,370112,4,历城区,LCQ,0,117.065222,36.680171,195
185,0,arrym,2016-04-03 0:00,arrym,2016-04-03 0:00,1,360200,3,景德镇市,JDZS,0,117.17842,29.268836,17
186,0,arrym,2016-04-03 0:00,arrym,2016-04-03 0:00,1,360300,3,萍乡市,PXS,0,113.854676,27.622865,17
187,0,arrym,2016-04-03 0:00,arrym,2016-04-03 0:00,1,360400,3,九江市,JJS,0,116.001951,29.705103,17
188,0,arrym,2016-04-03 0:00,arrym,2016-04-03 0:00,1,360500,3,新余市,XYS,0,114.91741,27.817819,17
189,0,arrym,2016-04-03 0:00,arrym,2016-04-03 0:00,1,360600,3,鹰潭市,YTS,0,117.069202,28.260189,17
19,0,arrym,2016-04-03 0:00,arrym,2016-04-03 0:00,1,17,2,湖北省,HBS,0,114.341921,30.545861,1
190,0,arrym,2016-04-03 0:00,arrym,2016-04-03 0:00,1,360700,3,赣州市,GZS,0,114.935025,25.831925,17
191,0,arrym,2016-04-03 0:00,arrym,2016-04-03 0:00,1,360800,3,吉安市,JAS,0,114.992912,27.113039,17
192,0,arrym,2016-04-03 0:00,arrym,2016-04-03 0:00,1,360900,3,宜春市,YCS,0,114.416778,27.815619,17
193,0,arrym,2016-04-03 0:00,arrym,2016-04-03 0:00,1,361000,3,抚州市,FZS,0,116.358176,27.9492,17
194,0,arrym,2016-04-03 0:00,arrym,2016-04-03 0:00,1,361100,3,上饶市,SRS,0,117.943433,28.454863,17
195,0,arrym,2016-04-03 0:00,arrym,2016-04-03 0:00,1,370100,3,济南市,JNS,0,116.994917,36.665282,18
20,0,arrym,2016-04-03 0:00,arrym,2016-04-03 0:00,1,18,2,湖南省,HNS,0,112.98381,28.112444,1
21,0,arrym,2016-04-03 0:00,arrym,2016-04-03 0:00,1,40000000,2,重庆市,ZQS,0,106.551557,29.56301,1
22,0,arrym,2016-04-03 0:00,arrym,2016-04-03 0:00,1,22,2,四川省,SCS,0,104.075931,30.651652,1
23,0,arrym,2016-04-03 0:00,arrym,2016-04-03 0:00,1,19,2,广东省,GDS,0,113.266531,23.132191,1
24,0,arrym,2016-04-03 0:00,arrym,2016-04-03 0:00,1,20,2,广西壮族自治区,GXZZZZQ,0,108.327546,22.815478,1
25,0,arrym,2016-04-03 0:00,arrym,2016-04-03 0:00,1,21,2,海南省,HNS,0,110.349229,20.017378,1
26,0,arrym,2016-04-03 0:00,arrym,2016-04-03 0:00,1,810000,2,香港特别行政区,XGTBXZQ,0,114.109497,22.396428,1
27,0,arrym,2016-04-03 0:00,arrym,2016-04-03 0:00,1,820000,2,澳门特别行政区,AMTBXZQ,0,113.543873,22.198745,1
28,0,arrym,2016-04-03 0:00,arrym,2016-04-03 0:00,1,23,2,贵州省,GZS,0,106.707116,26.598026,1
29,0,arrym,2016-04-03 0:00,arrym,2016-04-03 0:00,1,24,2,云南省,YNS,0,102.709812,25.045359,1
3,0,arrym,2016-04-03 0:00,arrym,2016-04-03 0:00,1,6,2,辽宁省,LNS,0,123.42944,41.835441,1
30,0,arrym,2016-04-03 0:00,arrym,2016-04-03 0:00,1,25,2,西藏自治区,XCZZQ,0,91.1170059,29.647951,1
31,0,arrym,2016-04-03 0:00,arrym,2016-04-03 0:00,1,26,2,陕西省,SXS,0,108.954239,34.265472,1
32,0,arrym,2016-04-03 0:00,arrym,2016-04-03 0:00,1,27,2,甘肃省,GSS,0,103.826308,36.059421,1
33,0,arrym,2016-04-03 0:00,arrym,2016-04-03 0:00,1,28,2,青海省,QHS,0,101.780199,36.620901,1
34,0,arrym,2016-04-03 0:00,arrym,2016-04-03 0:00,1,29,2,宁夏回族自治区,NXHZZZQ,0,106.258754,38.471318,1
35,0,arrym,2016-04-03 0:00,arrym,2016-04-03 0:00,1,30,2,新疆维吾尔自治区,XJWWEZZQ,0,87.6278119,43.793028,1
4,0,arrym,2016-04-03 0:00,arrym,2016-04-03 0:00,1,7,2,吉林省,JLS,0,125.326065,43.896082,1
5,0,arrym,2016-04-03 0:00,arrym,2016-04-03 0:00,1,10000000,2,北京市,BJS,0,116.407413,39.904214,1
6,0,arrym,2016-04-03 0:00,arrym,2016-04-03 0:00,1,30000000,2,天津市,TJS,0,117.200983,39.084158,1
7,0,arrym,2016-04-03 0:00,arrym,2016-04-03 0:00,1,3,2,河北省,HBS,0,114.468665,38.037057,1
8,0,arrym,2016-04-03 0:00,arrym,2016-04-03 0:00,1,4,2,山西省,SXS,0,112.562569,37.873376,1
89,0,arrym,2016-04-03 0:00,arrym,2016-04-03 0:00,1,370200,3,青岛市,QDS,0,120.382504,36.06722,18
9,0,arrym,2016-04-03 0:00,arrym,2016-04-03 0:00,1,5,2,内蒙古自治区,NMGZZQ,0,111.765618,40.817498,1
90,0,arrym,2016-04-03 0:00,arrym,2016-04-03 0:00,1,370300,3,淄博市,ZBS,0,118.055007,36.813497,18
91,0,arrym,2016-04-03 0:00,arrym,2016-04-03 0:00,1,370400,3,枣庄市,ZZS,0,117.323725,34.810488,18
92,0,arrym,2016-04-03 0:00,arrym,2016-04-03 0:00,1,370500,3,东营市,DYS,0,118.674767,37.434751,18
926,0,arrym,2016-04-03 0:00,arrym,2016-04-03 0:00,1,370113,4,长清区,CQQ,0,116.751959,36.553691,195
927,0,arrym,2016-04-03 0:00,arrym,2016-04-03 0:00,1,370124,4,平阴县,PYX,0,116.456187,36.289265,195
928,0,arrym,2016-04-03 0:00,arrym,2016-04-03 0:00,1,370125,4,济阳县,JYX,0,117.173529,36.978547,195
929,0,arrym,2016-04-03 0:00,arrym,2016-04-03 0:00,1,370126,4,商河县,SHX,0,117.157183,37.309045,195
93,0,arrym,2016-04-03 0:00,arrym,2016-04-03 0:00,1,370600,3,烟台市,YTS,0,121.447926,37.463819,18
930,0,arrym,2016-04-03 0:00,arrym,2016-04-03 0:00,1,370181,4,章丘市,ZQS,0,117.534326,36.714015,195
931,0,arrym,2016-04-03 0:00,arrym,2016-04-03 0:00,1,370202,4,市南区,SNQ,0,120.412392,36.075651,89
932,0,arrym,2016-04-03 0:00,arrym,2016-04-03 0:00,1,370203,4,市北区,SBQ,0,120.374801,36.087661,89
933,0,arrym,2016-04-03 0:00,arrym,2016-04-03 0:00,1,370205,4,四方区,SFQ,0,120.366454,36.103993,89
934,0,arrym,2016-04-03 0:00,arrym,2016-04-03 0:00,1,370211,4,黄岛区,HDQ,0,120.198054,35.960935,89
935,0,arrym,2016-04-03 0:00,arrym,2016-04-03 0:00,1,370212,4,崂山区,LSQ,0,120.468956,36.107538,89
936,0,arrym,2016-04-03 0:00,arrym,2016-04-03 0:00,1,370213,4,李沧区,LCQ,0,120.432864,36.145476,89
937,0,arrym,2016-04-03 0:00,arrym,2016-04-03 0:00,1,370214,4,城阳区,CYQ,0,120.396529,36.307061,89
938,0,arrym,2016-04-03 0:00,arrym,2016-04-03 0:00,1,370281,4,胶州市,JZS,0,120.033345,36.264664,89
939,0,arrym,2016-04-03 0:00,arrym,2016-04-03 0:00,1,370282,4,即墨市,JMS,0,120.447162,36.389401,89
94,0,arrym,2016-04-03 0:00,arrym,2016-04-03 0:00,1,370700,3,潍坊市,WFS,0,119.16193,36.706691,18
940,0,arrym,2016-04-03 0:00,arrym,2016-04-03 0:00,1,370283,4,平度市,PDS,0,119.960014,36.7867,89
941,0,arrym,2016-04-03 0:00,arrym,2016-04-03 0:00,1,370284,4,胶南市,JNS,0,120.04643,35.8725,89
942,0,arrym,2016-04-03 0:00,arrym,2016-04-03 0:00,1,370285,4,莱西市,LXS,0,120.51769,36.889084,89
943,0,arrym,2016-04-03 0:00,arrym,2016-04-03 0:00,1,370302,4,淄川区,ZCQ,0,117.966842,36.643449,90
944,0,arrym,2016-04-03 0:00,arrym,2016-04-03 0:00,1,370303,4,张店区,ZDQ,0,118.017656,36.806773,90
945,0,arrym,2016-04-03 0:00,arrym,2016-04-03 0:00,1,370304,4,博山区,BSQ,0,117.861698,36.494752,90
946,0,arrym,2016-04-03 0:00,arrym,2016-04-03 0:00,1,370305,4,临淄区,LZQ,0,118.308977,36.827343,90
947,0,arrym,2016-04-03 0:00,arrym,2016-04-03 0:00,1,370306,4,周村区,ZCQ,0,117.869877,36.803109,90
948,0,arrym,2016-04-03 0:00,arrym,2016-04-03 0:00,1,370321,4,桓台县,HTX,0,118.097955,36.959623,90
949,0,arrym,2016-04-03 0:00,arrym,2016-04-03 0:00,1,370322,4,高青县,GQX,0,117.826916,37.171063,90
95,0,arrym,2016-04-03 0:00,arrym,2016-04-03 0:00,1,370800,3,济宁市,JNS,0,116.587099,35.414921,18
950,0,arrym,2016-04-03 0:00,arrym,2016-04-03 0:00,1,370323,4,沂源县,YYX,0,118.170979,36.184827,90
951,0,arrym,2016-04-03 0:00,arrym,2016-04-03 0:00,1,370402,4,市中区,SZQ,0,117.556124,34.864114,91
952,0,arrym,2016-04-03 0:00,arrym,2016-04-03 0:00,1,370403,4,薛城区,YCQ,0,117.263157,34.795206,91
953,0,arrym,2016-04-03 0:00,arrym,2016-04-03 0:00,1,370404,4,峄城区,YCQ,0,117.590819,34.772236,91
954,0,arrym,2016-04-03 0:00,arrym,2016-04-03 0:00,1,370405,4,台儿庄区,TEZQ,0,117.733832,34.562528,91
955,0,arrym,2016-04-03 0:00,arrym,2016-04-03 0:00,1,370406,4,山亭区,STQ,0,117.461343,35.099549,91
956,0,arrym,2016-04-03 0:00,arrym,2016-04-03 0:00,1,370481,4,滕州市,TZS,0,117.164388,35.084021,91
957,0,arrym,2016-04-03 0:00,arrym,2016-04-03 0:00,1,370502,4,东营区,DYQ,0,118.582184,37.448964,92
958,0,arrym,2016-04-03 0:00,arrym,2016-04-03 0:00,1,370503,4,河口区,HKQ,0,118.525579,37.886138,92
959,0,arrym,2016-04-03 0:00,arrym,2016-04-03 0:00,1,370521,4,垦利县,KLX,0,118.547627,37.58754,92
960,0,arrym,2016-04-03 0:00,arrym,2016-04-03 0:00,1,370522,4,利津县,LJX,0,118.255273,37.49026,92
961,0,arrym,2016-04-03 0:00,arrym,2016-04-03 0:00,1,370523,4,广饶县,GRX,0,118.407045,37.0537,92
962,0,arrym,2016-04-03 0:00,arrym,2016-04-03 0:00,1,370602,4,芝罘区,ZFQ,0,121.400031,37.540687,93
963,0,arrym,2016-04-03 0:00,arrym,2016-04-03 0:00,1,370611,4,福山区,FSQ,0,121.267697,37.498051,93
964,0,arrym,2016-04-03 0:00,arrym,2016-04-03 0:00,1,370612,4,牟平区,MPQ,0,121.600512,37.386901,93
965,0,arrym,2016-04-03 0:00,arrym,2016-04-03 0:00,1,370613,4,莱山区,LSQ,0,121.445304,37.511305,93
966,0,arrym,2016-04-03 0:00,arrym,2016-04-03 0:00,1,370614,4,开发区,KFQ,0,121.251001,37.554683,93
967,0,arrym,2016-04-03 0:00,arrym,2016-04-03 0:00,1,370634,4,长岛县,CDX,0,120.736584,37.921417,93
968,0,arrym,2016-04-03 0:00,arrym,2016-04-03 0:00,1,370681,4,龙口市,LKS,0,120.477836,37.646064,93
969,0,arrym,2016-04-03 0:00,arrym,2016-04-03 0:00,1,370682,4,莱阳市,LYS,0,120.711607,36.97891,93
970,0,arrym,2016-04-03 0:00,arrym,2016-04-03 0:00,1,370683,4,莱州市,LZS,0,119.942327,37.177017,93
971,0,arrym,2016-04-03 0:00,arrym,2016-04-03 0:00,1,370684,4,蓬莱市,PLS,0,120.758848,37.810661,93
972,0,arrym,2016-04-03 0:00,arrym,2016-04-03 0:00,1,370685,4,招远市,ZYS,0,120.434072,37.355469,93
973,0,arrym,2016-04-03 0:00,arrym,2016-04-03 0:00,1,370686,4,栖霞市,QXS,0,120.849675,37.335123,93
974,0,arrym,2016-04-03 0:00,arrym,2016-04-03 0:00,1,370687,4,海阳市,HYS,0,121.158477,36.776425,93
975,0,arrym,2016-04-03 0:00,arrym,2016-04-03 0:00,1,370702,4,潍城区,WCQ,0,119.024836,36.7281,94
976,0,arrym,2016-04-03 0:00,arrym,2016-04-03 0:00,1,370703,4,寒亭区,HTQ,0,119.219734,36.775491,94
977,0,arrym,2016-04-03 0:00,arrym,2016-04-03 0:00,1,370704,4,坊子区,FZQ,0,119.166485,36.654448,94
978,0,arrym,2016-04-03 0:00,arrym,2016-04-03 0:00,1,370705,4,奎文区,KWQ,0,119.132486,36.707676,94
979,0,arrym,2016-04-03 0:00,arrym,2016-04-03 0:00,1,370724,4,临朐县,LQX,0,118.542982,36.5125059,94
980,0,arrym,2016-04-03 0:00,arrym,2016-04-03 0:00,1,370725,4,昌乐县,CLX,0,118.829914,36.706945,94
981,0,arrym,2016-04-03 0:00,arrym,2016-04-03 0:00,1,370781,4,青州市,QZS,0,118.479622,36.684528,94
982,0,arrym,2016-04-03 0:00,arrym,2016-04-03 0:00,1,370782,4,诸城市,ZCS,0,119.410103,35.995654,94
983,0,arrym,2016-04-03 0:00,arrym,2016-04-03 0:00,1,370783,4,寿光市,SGS,0,118.790652,36.85548,94
984,0,arrym,2016-04-03 0:00,arrym,2016-04-03 0:00,1,370784,4,安丘市,AQS,0,119.218978,36.478494,94
985,0,arrym,2016-04-03 0:00,arrym,2016-04-03 0:00,1,370785,4,高密市,GMS,0,119.755597,36.3825949,94
986,0,arrym,2016-04-03 0:00,arrym,2016-04-03 0:00,1,370786,4,昌邑市,CYS,0,119.398525,36.85882,94
987,0,arrym,2016-04-03 0:00,arrym,2016-04-03 0:00,1,370802,4,市中区,SZQ,0,116.596614,35.40819,95
988,0,arrym,2016-04-03 0:00,arrym,2016-04-03 0:00,1,370811,4,任城区,RCQ,0,116.628562,35.433727,95
989,0,arrym,2016-04-03 0:00,arrym,2016-04-03 0:00,1,370826,4,微山县,WSX,0,117.128946,34.8071,95
990,0,arrym,2016-04-03 0:00,arrym,2016-04-03 0:00,1,370827,4,鱼台县,YTX,0,116.650608,35.012749,95
991,0,arrym,2016-04-03 0:00,arrym,2016-04-03 0:00,1,370828,4,金乡县,JXX,0,116.311532,35.06662,95
992,0,arrym,2016-04-03 0:00,arrym,2016-04-03 0:00,1,370829,4,嘉祥县,JXX,0,116.342442,35.407829,95
993,0,arrym,2016-04-03 0:00,arrym,2016-04-03 0:00,1,370830,4,汶上县,WSX,0,116.489043,35.732799,95
994,0,arrym,2016-04-03 0:00,arrym,2016-04-03 0:00,1,370831,4,泗水县,SSX,0,117.251195,35.664323,95
995,0,arrym,2016-04-03 0:00,arrym,2016-04-03 0:00,1,370832,4,梁山县,LSX,0,116.096044,35.802306,95
996,0,arrym,2016-04-03 0:00,arrym,2016-04-03 0:00,1,370881,4,曲阜市,QFS,0,116.986532,35.581137,95
997,0,arrym,2016-04-03 0:00,arrym,2016-04-03 0:00,1,370882,4,兖州市,YZS,0,116.783834,35.553144,95
998,0,arrym,2016-04-03 0:00,arrym,2016-04-03 0:00,1,370883,4,邹城市,ZCS,0,117.003743,35.405185,95
999,0,arrym,2016-04-03 0:00,arrym,2016-04-03 0:00,1,370902,4,泰山区,TSQ,0,117.135354,36.192084,96
